[{"model": "admin.logentry", "pk": 1, "fields": {"action_time": "2022-06-01T13:36:57.731Z", "user": 5, "content_type": 11, "object_id": "4", "object_repr": "хуй вам! Или наш ответ Чемберлену.: Ненавижу вас всех ...", "action_flag": 1, "change_message": "[{\"added\": {}}]"}}, {"model": "admin.logentry", "pk": 2, "fields": {"action_time": "2022-06-01T13:59:15.911Z", "user": 5, "content_type": 11, "object_id": "5", "object_repr": "Вот же пизда блядь: Сволочи какие! ...", "action_flag": 1, "change_message": "[{\"added\": {}}]"}}, {"model": "admin.logentry", "pk": 3, "fields": {"action_time": "2022-06-01T14:07:37.140Z", "user": 5, "content_type": 11, "object_id": "5", "object_repr": "Вот же пизда, блядь: Сволочи какие! ...", "action_flag": 2, "change_message": "[{\"changed\": {\"fields\": [\"Title\"]}}]"}}, {"model": "admin.logentry", "pk": 4, "fields": {"action_time": "2022-06-01T14:10:48.238Z", "user": 5, "content_type": 11, "object_id": "5", "object_repr": "Вот же пизда, блядь. Cука... СУКА!!: Сволочи какие! ...", "action_flag": 2, "change_message": "[{\"changed\": {\"fields\": [\"Title\"]}}]"}}, {"model": "admin.logentry", "pk": 5, "fields": {"action_time": "2022-06-01T14:14:27.581Z", "user": 5, "content_type": 11, "object_id": "5", "object_repr": "Вот же пизда, блядь. Сука... СУКА!!: Сволочи какие! ...", "action_flag": 2, "change_message": "[{\"changed\": {\"fields\": [\"Title\"]}}]"}}, {"model": "admin.logentry", "pk": 6, "fields": {"action_time": "2022-06-01T14:20:04.876Z", "user": 5, "content_type": 11, "object_id": "5", "object_repr": "Вот же пизда, блядь. Сука... СУКА!!: Сволочи какие, блядь! ...", "action_flag": 2, "change_message": "[{\"changed\": {\"fields\": [\"Post text\"]}}]"}}, {"model": "admin.logentry", "pk": 7, "fields": {"action_time": "2022-06-03T11:22:53.385Z", "user": 5, "content_type": 11, "object_id": "6", "object_repr": "В Кремле порассуждали об успехах спецоперации России на Украине: Специальная операция России на Украине продолжится до достижения всех поставленных целей. Об этом заявил пресс-секретарь пр ...", "action_flag": 1, "change_message": "[{\"added\": {}}]"}}, {"model": "admin.logentry", "pk": 8, "fields": {"action_time": "2022-06-03T11:23:22.868Z", "user": 5, "content_type": 11, "object_id": "6", "object_repr": "В Кремле порассуждали об успехах спецоперации России на Украине: Специальная операция России на Украине продолжится до достижения всех поставленных целей. Об этом заявил пресс-секретарь пр ...", "action_flag": 2, "change_message": "[]"}}, {"model": "admin.logentry", "pk": 9, "fields": {"action_time": "2022-06-03T11:24:40.367Z", "user": 5, "content_type": 11, "object_id": "7", "object_repr": "ЕС утвердил шестой пакет санкций против России: «В свете продолжающейся агрессивной войны России против Украины и поддержки её Белоруссией, а также сообщений о зверствах,  ...", "action_flag": 1, "change_message": "[{\"added\": {}}]"}}, {"model": "admin.logentry", "pk": 10, "fields": {"action_time": "2022-06-03T11:25:55.628Z", "user": 5, "content_type": 11, "object_id": "8", "object_repr": "Кадыров объявил об ускоренном темпе спецоперации на Украине по поручению Шойгу: Министр обороны Российской Федерации Сергей Шойгу определил новые задачи, которые подразумевают улучшение тактики в ходе", "action_flag": 1, "change_message": "[{\"added\": {}}]"}}, {"model": "admin.logentry", "pk": 11, "fields": {"action_time": "2022-06-03T11:27:29.260Z", "user": 5, "content_type": 11, "object_id": "8", "object_repr": "Кадыров объявил об ускоренном темпе спецоперации на Украине по поручению Шойгу: Министр обороны Российской Федерации Сергей Шойгу определил новые задачи, которые подразумевают улучшение тактики в ходе", "action_flag": 2, "change_message": "[]"}}, {"model": "admin.logentry", "pk": 12, "fields": {"action_time": "2022-06-03T11:28:49.680Z", "user": 5, "content_type": 11, "object_id": "9", "object_repr": "Хроника СВО в Донбассе и на Украине: карта продвижения союзных войск на утро 3 июня: За сутки высокоточными ракетами воздушного базирования ВКС России поражён 21 район сосредоточения живой силы и воен", "action_flag": 1, "change_message": "[{\"added\": {}}]"}}, {"model": "admin.logentry", "pk": 13, "fields": {"action_time": "2022-06-03T11:29:46.479Z", "user": 5, "content_type": 11, "object_id": "10", "object_repr": "Путин заявил о намерении России развивать отношения со странами Африки: Роль Африки на международной арене растёт, и Россия намерена развивать отношения с государствами Африканского континента. О ...", "action_flag": 1, "change_message": "[{\"added\": {}}]"}}, {"model": "admin.logentry", "pk": 14, "fields": {"action_time": "2022-06-03T11:30:52.058Z", "user": 5, "content_type": 11, "object_id": "11", "object_repr": "«Аэрофлот» заявил об аресте своего самолёта на Шри-Ланке: «Вылет рейса «Аэрофлота» SU289 из Коломбо в Москву от 02.06.2022 задержан и далее отменён в связи с отсутствием разрешения  ...", "action_flag": 1, "change_message": "[{\"added\": {}}]"}}, {"model": "admin.logentry", "pk": 15, "fields": {"action_time": "2022-06-04T17:28:27.865Z", "user": 5, "content_type": 11, "object_id": "12", "object_repr": "Tets title: Tets text ...", "action_flag": 1, "change_message": "[{\"added\": {}}]"}}, {"model": "admin.logentry", "pk": 16, "fields": {"action_time": "2022-06-09T10:32:45.472Z", "user": 6, "content_type": 3, "object_id": "1", "object_repr": "common", "action_flag": 1, "change_message": "[{\"added\": {}}]"}}, {"model": "admin.logentry", "pk": 17, "fields": {"action_time": "2022-06-09T10:32:52.631Z", "user": 6, "content_type": 3, "object_id": "2", "object_repr": "authors", "action_flag": 1, "change_message": "[{\"added\": {}}]"}}, {"model": "admin.logentry", "pk": 18, "fields": {"action_time": "2022-06-09T13:49:40.287Z", "user": 6, "content_type": 3, "object_id": "2", "object_repr": "authors", "action_flag": 2, "change_message": "[{\"changed\": {\"fields\": [\"Permissions\"]}}]"}}, {"model": "admin.logentry", "pk": 19, "fields": {"action_time": "2022-06-09T14:20:50.136Z", "user": 6, "content_type": 12, "object_id": "1", "object_repr": "127.0.0.1", "action_flag": 2, "change_message": "[{\"changed\": {\"fields\": [\"Domain name\"]}}]"}}, {"model": "admin.logentry", "pk": 20, "fields": {"action_time": "2022-06-09T14:23:29.412Z", "user": 6, "content_type": 16, "object_id": "1", "object_repr": "Google", "action_flag": 1, "change_message": "[{\"added\": {}}]"}}, {"model": "admin.logentry", "pk": 21, "fields": {"action_time": "2022-10-12T13:23:24.829Z", "user": 6, "content_type": 11, "object_id": "64", "object_repr": "Мобилизация в России: БЕГИТЕ, ГЛУПЦЫ! ...", "action_flag": 1, "change_message": "[{\"added\": {}}]"}}, {"model": "auth.permission", "pk": 1, "fields": {"name": "Can add log entry", "content_type": 1, "codename": "add_logentry"}}, {"model": "auth.permission", "pk": 2, "fields": {"name": "Can change log entry", "content_type": 1, "codename": "change_logentry"}}, {"model": "auth.permission", "pk": 3, "fields": {"name": "Can delete log entry", "content_type": 1, "codename": "delete_logentry"}}, {"model": "auth.permission", "pk": 4, "fields": {"name": "Can view log entry", "content_type": 1, "codename": "view_logentry"}}, {"model": "auth.permission", "pk": 5, "fields": {"name": "Can add permission", "content_type": 2, "codename": "add_permission"}}, {"model": "auth.permission", "pk": 6, "fields": {"name": "Can change permission", "content_type": 2, "codename": "change_permission"}}, {"model": "auth.permission", "pk": 7, "fields": {"name": "Can delete permission", "content_type": 2, "codename": "delete_permission"}}, {"model": "auth.permission", "pk": 8, "fields": {"name": "Can view permission", "content_type": 2, "codename": "view_permission"}}, {"model": "auth.permission", "pk": 9, "fields": {"name": "Can add group", "content_type": 3, "codename": "add_group"}}, {"model": "auth.permission", "pk": 10, "fields": {"name": "Can change group", "content_type": 3, "codename": "change_group"}}, {"model": "auth.permission", "pk": 11, "fields": {"name": "Can delete group", "content_type": 3, "codename": "delete_group"}}, {"model": "auth.permission", "pk": 12, "fields": {"name": "Can view group", "content_type": 3, "codename": "view_group"}}, {"model": "auth.permission", "pk": 13, "fields": {"name": "Can add user", "content_type": 4, "codename": "add_user"}}, {"model": "auth.permission", "pk": 14, "fields": {"name": "Can change user", "content_type": 4, "codename": "change_user"}}, {"model": "auth.permission", "pk": 15, "fields": {"name": "Can delete user", "content_type": 4, "codename": "delete_user"}}, {"model": "auth.permission", "pk": 16, "fields": {"name": "Can view user", "content_type": 4, "codename": "view_user"}}, {"model": "auth.permission", "pk": 17, "fields": {"name": "Can add content type", "content_type": 5, "codename": "add_contenttype"}}, {"model": "auth.permission", "pk": 18, "fields": {"name": "Can change content type", "content_type": 5, "codename": "change_contenttype"}}, {"model": "auth.permission", "pk": 19, "fields": {"name": "Can delete content type", "content_type": 5, "codename": "delete_contenttype"}}, {"model": "auth.permission", "pk": 20, "fields": {"name": "Can view content type", "content_type": 5, "codename": "view_contenttype"}}, {"model": "auth.permission", "pk": 21, "fields": {"name": "Can add session", "content_type": 6, "codename": "add_session"}}, {"model": "auth.permission", "pk": 22, "fields": {"name": "Can change session", "content_type": 6, "codename": "change_session"}}, {"model": "auth.permission", "pk": 23, "fields": {"name": "Can delete session", "content_type": 6, "codename": "delete_session"}}, {"model": "auth.permission", "pk": 24, "fields": {"name": "Can view session", "content_type": 6, "codename": "view_session"}}, {"model": "auth.permission", "pk": 25, "fields": {"name": "Can add category", "content_type": 7, "codename": "add_category"}}, {"model": "auth.permission", "pk": 26, "fields": {"name": "Can change category", "content_type": 7, "codename": "change_category"}}, {"model": "auth.permission", "pk": 27, "fields": {"name": "Can delete category", "content_type": 7, "codename": "delete_category"}}, {"model": "auth.permission", "pk": 28, "fields": {"name": "Can view category", "content_type": 7, "codename": "view_category"}}, {"model": "auth.permission", "pk": 29, "fields": {"name": "Can add author", "content_type": 8, "codename": "add_author"}}, {"model": "auth.permission", "pk": 30, "fields": {"name": "Can change author", "content_type": 8, "codename": "change_author"}}, {"model": "auth.permission", "pk": 31, "fields": {"name": "Can delete author", "content_type": 8, "codename": "delete_author"}}, {"model": "auth.permission", "pk": 32, "fields": {"name": "Can view author", "content_type": 8, "codename": "view_author"}}, {"model": "auth.permission", "pk": 33, "fields": {"name": "Can add post category", "content_type": 9, "codename": "add_postcategory"}}, {"model": "auth.permission", "pk": 34, "fields": {"name": "Can change post category", "content_type": 9, "codename": "change_postcategory"}}, {"model": "auth.permission", "pk": 35, "fields": {"name": "Can delete post category", "content_type": 9, "codename": "delete_postcategory"}}, {"model": "auth.permission", "pk": 36, "fields": {"name": "Can view post category", "content_type": 9, "codename": "view_postcategory"}}, {"model": "auth.permission", "pk": 37, "fields": {"name": "Can add comment", "content_type": 10, "codename": "add_comment"}}, {"model": "auth.permission", "pk": 38, "fields": {"name": "Can change comment", "content_type": 10, "codename": "change_comment"}}, {"model": "auth.permission", "pk": 39, "fields": {"name": "Can delete comment", "content_type": 10, "codename": "delete_comment"}}, {"model": "auth.permission", "pk": 40, "fields": {"name": "Can view comment", "content_type": 10, "codename": "view_comment"}}, {"model": "auth.permission", "pk": 41, "fields": {"name": "Can add post", "content_type": 11, "codename": "add_post"}}, {"model": "auth.permission", "pk": 42, "fields": {"name": "Can change post", "content_type": 11, "codename": "change_post"}}, {"model": "auth.permission", "pk": 43, "fields": {"name": "Can delete post", "content_type": 11, "codename": "delete_post"}}, {"model": "auth.permission", "pk": 44, "fields": {"name": "Can view post", "content_type": 11, "codename": "view_post"}}, {"model": "auth.permission", "pk": 45, "fields": {"name": "Can add site", "content_type": 12, "codename": "add_site"}}, {"model": "auth.permission", "pk": 46, "fields": {"name": "Can change site", "content_type": 12, "codename": "change_site"}}, {"model": "auth.permission", "pk": 47, "fields": {"name": "Can delete site", "content_type": 12, "codename": "delete_site"}}, {"model": "auth.permission", "pk": 48, "fields": {"name": "Can view site", "content_type": 12, "codename": "view_site"}}, {"model": "auth.permission", "pk": 49, "fields": {"name": "Can add email address", "content_type": 13, "codename": "add_emailaddress"}}, {"model": "auth.permission", "pk": 50, "fields": {"name": "Can change email address", "content_type": 13, "codename": "change_emailaddress"}}, {"model": "auth.permission", "pk": 51, "fields": {"name": "Can delete email address", "content_type": 13, "codename": "delete_emailaddress"}}, {"model": "auth.permission", "pk": 52, "fields": {"name": "Can view email address", "content_type": 13, "codename": "view_emailaddress"}}, {"model": "auth.permission", "pk": 53, "fields": {"name": "Can add email confirmation", "content_type": 14, "codename": "add_emailconfirmation"}}, {"model": "auth.permission", "pk": 54, "fields": {"name": "Can change email confirmation", "content_type": 14, "codename": "change_emailconfirmation"}}, {"model": "auth.permission", "pk": 55, "fields": {"name": "Can delete email confirmation", "content_type": 14, "codename": "delete_emailconfirmation"}}, {"model": "auth.permission", "pk": 56, "fields": {"name": "Can view email confirmation", "content_type": 14, "codename": "view_emailconfirmation"}}, {"model": "auth.permission", "pk": 57, "fields": {"name": "Can add social account", "content_type": 15, "codename": "add_socialaccount"}}, {"model": "auth.permission", "pk": 58, "fields": {"name": "Can change social account", "content_type": 15, "codename": "change_socialaccount"}}, {"model": "auth.permission", "pk": 59, "fields": {"name": "Can delete social account", "content_type": 15, "codename": "delete_socialaccount"}}, {"model": "auth.permission", "pk": 60, "fields": {"name": "Can view social account", "content_type": 15, "codename": "view_socialaccount"}}, {"model": "auth.permission", "pk": 61, "fields": {"name": "Can add social application", "content_type": 16, "codename": "add_socialapp"}}, {"model": "auth.permission", "pk": 62, "fields": {"name": "Can change social application", "content_type": 16, "codename": "change_socialapp"}}, {"model": "auth.permission", "pk": 63, "fields": {"name": "Can delete social application", "content_type": 16, "codename": "delete_socialapp"}}, {"model": "auth.permission", "pk": 64, "fields": {"name": "Can view social application", "content_type": 16, "codename": "view_socialapp"}}, {"model": "auth.permission", "pk": 65, "fields": {"name": "Can add social application token", "content_type": 17, "codename": "add_socialtoken"}}, {"model": "auth.permission", "pk": 66, "fields": {"name": "Can change social application token", "content_type": 17, "codename": "change_socialtoken"}}, {"model": "auth.permission", "pk": 67, "fields": {"name": "Can delete social application token", "content_type": 17, "codename": "delete_socialtoken"}}, {"model": "auth.permission", "pk": 68, "fields": {"name": "Can view social application token", "content_type": 17, "codename": "view_socialtoken"}}, {"model": "auth.permission", "pk": 69, "fields": {"name": "Can add subscribers", "content_type": 18, "codename": "add_subscribers"}}, {"model": "auth.permission", "pk": 70, "fields": {"name": "Can change subscribers", "content_type": 18, "codename": "change_subscribers"}}, {"model": "auth.permission", "pk": 71, "fields": {"name": "Can delete subscribers", "content_type": 18, "codename": "delete_subscribers"}}, {"model": "auth.permission", "pk": 72, "fields": {"name": "Can view subscribers", "content_type": 18, "codename": "view_subscribers"}}, {"model": "auth.permission", "pk": 73, "fields": {"name": "Can add django job", "content_type": 19, "codename": "add_djangojob"}}, {"model": "auth.permission", "pk": 74, "fields": {"name": "Can change django job", "content_type": 19, "codename": "change_djangojob"}}, {"model": "auth.permission", "pk": 75, "fields": {"name": "Can delete django job", "content_type": 19, "codename": "delete_djangojob"}}, {"model": "auth.permission", "pk": 76, "fields": {"name": "Can view django job", "content_type": 19, "codename": "view_djangojob"}}, {"model": "auth.permission", "pk": 77, "fields": {"name": "Can add django job execution", "content_type": 20, "codename": "add_djangojobexecution"}}, {"model": "auth.permission", "pk": 78, "fields": {"name": "Can change django job execution", "content_type": 20, "codename": "change_djangojobexecution"}}, {"model": "auth.permission", "pk": 79, "fields": {"name": "Can delete django job execution", "content_type": 20, "codename": "delete_djangojobexecution"}}, {"model": "auth.permission", "pk": 80, "fields": {"name": "Can view django job execution", "content_type": 20, "codename": "view_djangojobexecution"}}, {"model": "auth.group", "pk": 1, "fields": {"name": "common", "permissions": []}}, {"model": "auth.group", "pk": 2, "fields": {"name": "authors", "permissions": [41, 42]}}, {"model": "auth.user", "pk": 1, "fields": {"password": "!DHj6lQRRwyC5vfoAewC161zqpFOtIIuFc6ZgCLUp", "last_login": null, "is_superuser": false, "username": "Анатолий", "first_name": "", "last_name": "", "email": "", "is_staff": false, "is_active": true, "date_joined": "2022-05-12T11:14:12.029Z", "groups": [], "user_permissions": []}}, {"model": "auth.user", "pk": 2, "fields": {"password": "!NDhX09t2N9z0PvUszvzO8N6Ckvv3HlIiNePbWMGo", "last_login": null, "is_superuser": false, "username": "Василий", "first_name": "", "last_name": "", "email": "", "is_staff": false, "is_active": true, "date_joined": "2022-05-12T11:15:10.504Z", "groups": [], "user_permissions": []}}, {"model": "auth.user", "pk": 3, "fields": {"password": "!ayzbI6pXdhlK5AZzUp3kJks8RmCD3otl2BxkFdFI", "last_login": null, "is_superuser": false, "username": "Афанасий", "first_name": "", "last_name": "", "email": "", "is_staff": false, "is_active": true, "date_joined": "2022-05-12T11:15:25.746Z", "groups": [], "user_permissions": []}}, {"model": "auth.user", "pk": 4, "fields": {"password": "!iU1zMWC2bSiaupgEMcIhXCCeQGpeScUlmpgOHFCO", "last_login": null, "is_superuser": false, "username": "Пётр", "first_name": "", "last_name": "", "email": "", "is_staff": false, "is_active": true, "date_joined": "2022-05-13T10:25:07.643Z", "groups": [], "user_permissions": []}}, {"model": "auth.user", "pk": 5, "fields": {"password": "pbkdf2_sha256$320000$FEoVltzff8bXkV9DkhBAcd$hPhRtXaLVtMIJHTy1AkoDgeEsNrYRhDiH8zFRvk4KpA=", "last_login": "2022-06-04T17:27:56.196Z", "is_superuser": true, "username": "Kirill", "first_name": "", "last_name": "", "email": "", "is_staff": true, "is_active": true, "date_joined": "2022-05-31T09:30:07.069Z", "groups": [], "user_permissions": []}}, {"model": "auth.user", "pk": 6, "fields": {"password": "pbkdf2_sha256$390000$p1clxvsyed5axQ3UXvEJ3h$iiseoKYVK5w3PiH+0pgYXPyG85dDvVg5eowOa+xdH6s=", "last_login": "2022-10-12T13:22:47.160Z", "is_superuser": true, "username": "Kirill3", "first_name": "", "last_name": "", "email": "levinkirill@yandex.ru", "is_staff": true, "is_active": true, "date_joined": "2022-06-08T16:29:56.937Z", "groups": [2], "user_permissions": []}}, {"model": "auth.user", "pk": 7, "fields": {"password": "pbkdf2_sha256$320000$B1mimeUWH0HnQunKsRPjFw$wy6uKuhJCT2iruGQs27HxqmCwCs3GvMY1EFlg30MAo8=", "last_login": "2022-06-09T10:44:09.753Z", "is_superuser": false, "username": "poxuy", "first_name": "", "last_name": "", "email": "poxuy@example.com", "is_staff": false, "is_active": true, "date_joined": "2022-06-09T10:44:09.537Z", "groups": [1], "user_permissions": []}}, {"model": "auth.user", "pk": 8, "fields": {"password": "pbkdf2_sha256$320000$CiR6DBdNfhHEpzbu6mx1jY$KrSsJOpvI12jrzkgDROEZ+S9V+JP04e22gAi+KEG/PE=", "last_login": "2022-06-09T21:09:42.727Z", "is_superuser": false, "username": "example444", "first_name": "", "last_name": "", "email": "example@example.com", "is_staff": false, "is_active": true, "date_joined": "2022-06-09T11:07:14.391Z", "groups": [1], "user_permissions": []}}, {"model": "auth.user", "pk": 9, "fields": {"password": "pbkdf2_sha256$320000$KzApbouEyWD89Cc7DQLD42$PKu99Oa9TPlWbA/E0hXnXMr8svw6e4tmpLTW4dJ241o=", "last_login": "2022-06-09T11:27:37.755Z", "is_superuser": false, "username": "new_example", "first_name": "", "last_name": "", "email": "new_example@example.com", "is_staff": false, "is_active": true, "date_joined": "2022-06-09T11:27:37.502Z", "groups": [1, 2], "user_permissions": []}}, {"model": "auth.user", "pk": 10, "fields": {"password": "pbkdf2_sha256$320000$Jc7Q4dhrWx51QgLHhOh0Jn$HXzGOpxgegWphRAfcLwLdzDH4wkaEEtRShnmxvmga5Q=", "last_login": "2022-06-09T11:29:21.046Z", "is_superuser": false, "username": "third_example", "first_name": "", "last_name": "", "email": "third_example@example.com", "is_staff": false, "is_active": true, "date_joined": "2022-06-09T11:29:20.821Z", "groups": [1, 2], "user_permissions": []}}, {"model": "auth.user", "pk": 11, "fields": {"password": "pbkdf2_sha256$320000$KYUcjf9GXyPIsI6v5P3HKZ$Zaw4S+1ohtdalYgRkwEN3fhxDqH6GvbHtSiC+i7F1DA=", "last_login": "2022-06-09T11:32:03.057Z", "is_superuser": false, "username": "fourth_example", "first_name": "", "last_name": "", "email": "fourth_example@example.com", "is_staff": false, "is_active": true, "date_joined": "2022-06-09T11:32:02.884Z", "groups": [1, 2], "user_permissions": []}}, {"model": "auth.user", "pk": 12, "fields": {"password": "pbkdf2_sha256$320000$DqwaEy5LMmU1Ex2z4jjykV$TpyjLb51l6hBgEBqOdq9CwKuZbiV40qXcYYrWyhwoUw=", "last_login": "2022-06-09T11:33:27.296Z", "is_superuser": false, "username": "fifth_example", "first_name": "", "last_name": "", "email": "fifth_example@example.com", "is_staff": false, "is_active": true, "date_joined": "2022-06-09T11:33:27.052Z", "groups": [1, 2], "user_permissions": []}}, {"model": "auth.user", "pk": 13, "fields": {"password": "pbkdf2_sha256$320000$efBUQMRlFNGFg9g1mefsd5$JMPnCyFBU6gMQytUQn0TnRZTqBWGGOwpO9TUfPdpXGE=", "last_login": "2022-06-09T11:35:02.241Z", "is_superuser": false, "username": "sixth_example", "first_name": "", "last_name": "", "email": "sixth_example@example.com", "is_staff": false, "is_active": true, "date_joined": "2022-06-09T11:35:02.031Z", "groups": [1, 2], "user_permissions": []}}, {"model": "auth.user", "pk": 14, "fields": {"password": "pbkdf2_sha256$320000$SSSAj0iJibVJbFVNlNrnxr$g0OYoFeDqqg2woNtn911Tvh/Hc2n40CmFJSwhPhXj0Q=", "last_login": "2022-06-09T14:02:08.789Z", "is_superuser": false, "username": "last_example", "first_name": "", "last_name": "", "email": "last_example@example.com", "is_staff": false, "is_active": true, "date_joined": "2022-06-09T11:41:13.965Z", "groups": [1, 2], "user_permissions": []}}, {"model": "auth.user", "pk": 15, "fields": {"password": "pbkdf2_sha256$320000$Q6O8Lh54GoFI3SbQ6Ut1aM$nzwOFZ4l6f2S7vY7zviW1NMUPUNCQaHaPnAuUiriy0Q=", "last_login": "2022-06-09T15:34:50.046Z", "is_superuser": false, "username": "every", "first_name": "", "last_name": "", "email": "every@example.com", "is_staff": false, "is_active": true, "date_joined": "2022-06-09T14:03:42.388Z", "groups": [1, 2], "user_permissions": []}}, {"model": "auth.user", "pk": 16, "fields": {"password": "!2snOpjb5MyrBUfIGuSqm8WiEjxv970eEKroaM6Qg", "last_login": "2022-06-09T14:24:02.147Z", "is_superuser": false, "username": "levinkirillkirilllevin", "first_name": "Кирилл", "last_name": "Левин", "email": "levinkirillkirilllevin@gmail.com", "is_staff": false, "is_active": true, "date_joined": "2022-06-09T14:24:02.098Z", "groups": [], "user_permissions": []}}, {"model": "auth.user", "pk": 17, "fields": {"password": "pbkdf2_sha256$320000$KynpRoBqOsVRAVSa55UeP3$p3o/mujxExX1hGfsGOdt+RXjmsh5lD+/6Y1NqA11J2Q=", "last_login": "2022-06-09T15:22:58.428Z", "is_superuser": false, "username": "new3", "first_name": "", "last_name": "", "email": "new@example.com", "is_staff": false, "is_active": true, "date_joined": "2022-06-09T15:22:58.250Z", "groups": [1, 2], "user_permissions": []}}, {"model": "auth.user", "pk": 18, "fields": {"password": "pbkdf2_sha256$320000$Wv3lE5uFJilohMTPWP74zN$aLIO3GP49UvBdrMi8iIyCUgLVS9ep4JESs6F3doDnBs=", "last_login": "2022-06-09T15:25:39.280Z", "is_superuser": false, "username": "new2", "first_name": "Новейший", "last_name": "Пользователь", "email": "new2@example.com", "is_staff": false, "is_active": true, "date_joined": "2022-06-09T15:25:39.067Z", "groups": [1, 2], "user_permissions": []}}, {"model": "auth.user", "pk": 19, "fields": {"password": "pbkdf2_sha256$320000$8KkSJpHAaz37FmIWbRrC38$b//GSnhSPxE2W5KrcJVfHP6gOx1Tpl2/S8MtOGNxz0E=", "last_login": "2022-06-14T06:53:50.229Z", "is_superuser": false, "username": "kirill.l", "first_name": "", "last_name": "", "email": "kirill.l@olimob.com", "is_staff": false, "is_active": true, "date_joined": "2022-06-10T11:47:41.184Z", "groups": [1], "user_permissions": []}}, {"model": "auth.user", "pk": 20, "fields": {"password": "pbkdf2_sha256$320000$sfVipv56c9n2NDd6P8VdIe$sidyCAxWd2mL4XINjk8J5EdBc8rwbCqTt1cQt1Psu2I=", "last_login": null, "is_superuser": false, "username": "koschaeva.val", "first_name": "", "last_name": "", "email": "Koschaeva.val@gmail.com", "is_staff": false, "is_active": true, "date_joined": "2022-06-10T11:58:08.853Z", "groups": [1], "user_permissions": []}}, {"model": "contenttypes.contenttype", "pk": 1, "fields": {"app_label": "admin", "model": "logentry"}}, {"model": "contenttypes.contenttype", "pk": 2, "fields": {"app_label": "auth", "model": "permission"}}, {"model": "contenttypes.contenttype", "pk": 3, "fields": {"app_label": "auth", "model": "group"}}, {"model": "contenttypes.contenttype", "pk": 4, "fields": {"app_label": "auth", "model": "user"}}, {"model": "contenttypes.contenttype", "pk": 5, "fields": {"app_label": "contenttypes", "model": "contenttype"}}, {"model": "contenttypes.contenttype", "pk": 6, "fields": {"app_label": "sessions", "model": "session"}}, {"model": "contenttypes.contenttype", "pk": 7, "fields": {"app_label": "accounts", "model": "category"}}, {"model": "contenttypes.contenttype", "pk": 8, "fields": {"app_label": "accounts", "model": "author"}}, {"model": "contenttypes.contenttype", "pk": 9, "fields": {"app_label": "accounts", "model": "postcategory"}}, {"model": "contenttypes.contenttype", "pk": 10, "fields": {"app_label": "accounts", "model": "comment"}}, {"model": "contenttypes.contenttype", "pk": 11, "fields": {"app_label": "accounts", "model": "post"}}, {"model": "contenttypes.contenttype", "pk": 12, "fields": {"app_label": "sites", "model": "site"}}, {"model": "contenttypes.contenttype", "pk": 13, "fields": {"app_label": "account", "model": "emailaddress"}}, {"model": "contenttypes.contenttype", "pk": 14, "fields": {"app_label": "account", "model": "emailconfirmation"}}, {"model": "contenttypes.contenttype", "pk": 15, "fields": {"app_label": "socialaccount", "model": "socialaccount"}}, {"model": "contenttypes.contenttype", "pk": 16, "fields": {"app_label": "socialaccount", "model": "socialapp"}}, {"model": "contenttypes.contenttype", "pk": 17, "fields": {"app_label": "socialaccount", "model": "socialtoken"}}, {"model": "contenttypes.contenttype", "pk": 18, "fields": {"app_label": "accounts", "model": "subscribers"}}, {"model": "contenttypes.contenttype", "pk": 19, "fields": {"app_label": "django_apscheduler", "model": "djangojob"}}, {"model": "contenttypes.contenttype", "pk": 20, "fields": {"app_label": "django_apscheduler", "model": "djangojobexecution"}}, {"model": "sessions.session", "pk": "0pwvsr0eldm1rn14iu68bcpxes7sh5ia", "fields": {"session_data": ".eJxVjDsKAjEUAO-SWkK-JM_S3jOEl88zq5LAZrdavLsEttB2ZpiDBdy3GvZR1rBkdmWWXX5ZxPQqbYr8xPboPPW2rUvkM-GnHfzec3nfzvZvUHHUuVXWmBQJiicdwakkM0gSFBGFg6gRvBDoFILxUoEr3koCLcklLJrY5wvlYzfk:1nxXZ6:EDKB4Q0AJaiVzfgeNr0y9WfE18w4qAYYfiEjjK_NHPI", "expire_date": "2022-06-18T17:27:56.207Z"}}, {"model": "sessions.session", "pk": "1ihqfv5z5sk5pctt0kvle386hmhstoz9", "fields": {"session_data": ".eJxVTd0KgyAUfhevR5iWZnfrReR4PJIsbKTBxti7L0cX280H3_-LWdjLbPdMm42ejUyxy6_mAG-UqgHLUuUGENc9leabOe3cXA9GqUSEEtc0na2_qRnyXA8QyXiuOGEPLZfQQTCiB0nOtMooeQC22mnjAtdail7obvDCeTEEH7o6minn48bS4x63Jxv5-wO6lENe:1o14MB:qQGOvACa7_JVRGYVDfadTtbGDMLRcILUMrzfCj43zug", "expire_date": "2022-06-28T11:05:11.706Z"}}, {"model": "sessions.session", "pk": "2m2x2zh7q8a3ihlec1mdjpu8xzmfldtt", "fields": {"session_data": ".eJxVTUsKwyAQvcusSzCaaMyuvYiM40ikwZRqoKX07k1KNtk8eP8PuMKlpCU7fj3S8w2juIDDtU5uLfx0KcAIGk6aR7pz3g2c511ukGhZc23-mcMuzXVjnGsirNvB7WidpiYs035AxDYILZh6bIXCDqOVPSr2ttVWqw2oNd5YH4UxSvbSdEOQPsghhtjB9wcu90Ne:1o0ihV:EVEPnirXOJIDh6SKlpDy48rB-HngOgeJhrrjTnpzjZk", "expire_date": "2022-06-27T11:57:45.958Z"}}, {"model": "sessions.session", "pk": "6tqa4tfhkq1qef8dnv0540axcj4mkkg9", "fields": {"session_data": ".eJxVjcsOgjAQRf-la0NKHzBlpz_STIdpaCTF2JJojP8uGBa6vK9zX8LjWie_Fr77NIpBgDj9egHpynkPcJ53u0GiZc21-XaOuDTnTXGuibCmJV-O1R9qwjJtHOpbQxAscoja2t46Q0H1MCJ2UXYcFVqtQEtpUGkEGI0LEJ0iF9l07Q4tXMp24_lxS_enGOT7A8iMQ5Q:1nzPPS:JApPpju8gdLsa7IsEh1-oGy2ZSmaHkMqgITsAancovc", "expire_date": "2022-06-23T21:09:42.745Z"}}, {"model": "sessions.session", "pk": "kb6ycrfryxsg3b8vv1drhntl8adoyv4e", "fields": {"session_data": ".eJxVjDsKAjEUAO-SWkK-JM_S3jOEl88zq5LAZrdavLsEttB2ZpiDBdy3GvZR1rBkdmWWXX5ZxPQqbYr8xPboPPW2rUvkM-GnHfzec3nfzvZvUHHUuVXWmBQJiicdwakkM0gSFBGFg6gRvBDoFILxUoEr3koCLcklLJrY5wvlYzfk:1nwOVX:8PNK1As1ziZpUcVCsuRSiK2Qo9UMXmX_w4X675IcG7A", "expire_date": "2022-06-15T13:35:31.261Z"}}, {"model": "sessions.session", "pk": "ke10ve5ym8hfgiz7ji5c1lgx6wl76ezi", "fields": {"session_data": ".eJxVjEEOgjAQRe_StWlaaGHGpXvPQGY6g6CmTSisjHdXEha6_e-9_zIDbes0bFWXYRZzNp05_W5M6aF5B3KnfCs2lbwuM9tdsQet9lpEn5fD_TuYqE7fOqJHCQ7Z99oCY99qkhiCly4BBEjN6Kl13ANFwLFBdJ5pBA3qlCSa9wfOQDe-:1oibh9:g51pQ-kFJJJv9Zg7E-oYXQTqHXygna9pfvM8NLSkx10", "expire_date": "2022-10-26T13:22:47.177Z"}}, {"model": "sessions.session", "pk": "n38l49tfjkmzlbbkao1h6uvafdiqoor3", "fields": {"session_data": ".eJxVjDsKAjEUAO-SWkK-JM_S3jOEl88zq5LAZrdavLsEttB2ZpiDBdy3GvZR1rBkdmWWXX5ZxPQqbYr8xPboPPW2rUvkM-GnHfzec3nfzvZvUHHUuVXWmBQJiicdwakkM0gSFBGFg6gRvBDoFILxUoEr3koCLcklLJrY5wvlYzfk:1nvyD7:t0FxLu40O80xrzcwNOsBsQP9IciAcc4ji8TxiagmjZU", "expire_date": "2022-06-14T09:30:45.917Z"}}, {"model": "sessions.session", "pk": "q6fc0e7o9f74i4peybkusf2jpksngpaq", "fields": {"session_data": ".eJxVTd0KgyAUfhevR5iWZnfrReR4PJIsbKTBxti7L0cX280H3_-LWdjLbPdMm42ejUyxy6_mAG-UqgHLUuUGENc9leabOe3cXA9GqUSEEtc0na2_qRnyXA8QyXiuOGEPLZfQQTCiB0nOtMooeQC22mnjAtdail7obvDCeTEEH7o6minn48bS4x63Jxv5-wO6lENe:1nyyf9:BsgE9rAkp-77fxmlMYS2y-NfXr0JiVP4JkZbmAiN0cw", "expire_date": "2022-06-22T16:36:07.398Z"}}, {"model": "sessions.session", "pk": "xmwduiitlwlrvnf8hwmi005aqdx2t595", "fields": {"session_data": ".eJxVjDsKAjEUAO-SWkK-JM_S3jOEl88zq5LAZrdavLsEttB2ZpiDBdy3GvZR1rBkdmWWXX5ZxPQqbYr8xPboPPW2rUvkM-GnHfzec3nfzvZvUHHUuVXWmBQJiicdwakkM0gSFBGFg6gRvBDoFILxUoEr3koCLcklLJrY5wvlYzfk:1nx5N6:fTaw1iFPooEgd9ghtd3LRMv39_pTF3IxlzD4aMSaDSc", "expire_date": "2022-06-17T11:21:40.036Z"}}, {"model": "sites.site", "pk": 1, "fields": {"domain": "127.0.0.1", "name": "example.com"}}, {"model": "accounts.author", "pk": 1, "fields": {"user": 1, "author_rating": -5}}, {"model": "accounts.author", "pk": 2, "fields": {"user": 2, "author_rating": -1}}, {"model": "accounts.author", "pk": 3, "fields": {"user": 4, "author_rating": 0}}, {"model": "accounts.author", "pk": 4, "fields": {"user": 18, "author_rating": 0}}, {"model": "accounts.author", "pk": 5, "fields": {"user": 15, "author_rating": 0}}, {"model": "accounts.category", "pk": 1, "fields": {"category_name": "Политика"}}, {"model": "accounts.category", "pk": 2, "fields": {"category_name": "Спорт"}}, {"model": "accounts.category", "pk": 3, "fields": {"category_name": "Звёзды"}}, {"model": "accounts.category", "pk": 4, "fields": {"category_name": "Культура"}}, {"model": "accounts.post", "pk": 1, "fields": {"author": 1, "post_type": "AR", "creation_date": "2022-05-12T13:06:10.174Z", "title": "Война в Украине", "post_text": "Российская Федерация начала позорную войну в Украине. Позор захватчикам! Наш корреспондент - с места событий", "post_rating": -3}}, {"model": "accounts.post", "pk": 2, "fields": {"author": 2, "post_type": "NW", "creation_date": "2022-05-12T13:13:33.960Z", "title": "Трабзонспор - чемпион Суперлиги", "post_text": "Турецкий клуб Трабзонспор стал чемпионом турецкой Суперлиги сезона 2021-2022 г.", "post_rating": 1}}, {"model": "accounts.post", "pk": 3, "fields": {"author": 2, "post_type": "AR", "creation_date": "2022-05-12T13:18:04.731Z", "title": "Максим Кац женился", "post_text": "Сооснователь фонда «Городские проекты» Максим Кац и соосновательница компании «Авторские медиа» Екатерина Патюлина поженились. Церемония состоялась в одном из московских ЗАГСов.", "post_rating": -2}}, {"model": "accounts.post", "pk": 4, "fields": {"author": 1, "post_type": "AR", "creation_date": "2022-06-01T13:36:57.729Z", "title": "хуй вам! Или наш ответ Чемберлену.", "post_text": "Ненавижу вас всех", "post_rating": 0}}, {"model": "accounts.post", "pk": 5, "fields": {"author": 2, "post_type": "NW", "creation_date": "2022-06-01T13:59:15.905Z", "title": "Вот же пизда, блядь. Сука... СУКА!!", "post_text": "Сволочи какие, блядь!", "post_rating": 0}}, {"model": "accounts.post", "pk": 6, "fields": {"author": 3, "post_type": "AR", "creation_date": "2022-06-03T11:22:53.382Z", "title": "В Кремле порассуждали об успехах спецоперации России на Украине", "post_text": "Специальная операция России на Украине продолжится до достижения всех поставленных целей. Об этом заявил пресс-секретарь президента Дмитрий Песков, передает ТАСС.\r\n\r\n«Достигнуты определенные результаты: от пронацистски настроенных Вооруженных сил Украины, а также непосредственно от националистических элементов освобождены многие населенные пункты, людям обеспечена возможность приступить к налаживанию мирной жизни», — рассказал об успехах России представитель Кремля.\r\n\r\nОн добавил, что эта работа будет продолжаться до тех пор, пока не будут достигнуты все цели специальной военной операции.\r\n\r\n24 февраля президент России Владимир Путин объявил о специальной операции в Донбассе. Таким образом, по его словам, Россия отреагировала на просьбы о военной помощи глав Донецкой и Луганской народных республик (ДНР и ЛНР).", "post_rating": -3}}, {"model": "accounts.post", "pk": 7, "fields": {"author": 3, "post_type": "NW", "creation_date": "2022-06-03T11:24:40.360Z", "title": "ЕС утвердил шестой пакет санкций против России", "post_text": "«В свете продолжающейся агрессивной войны России против Украины и поддержки её Белоруссией, а также сообщений о зверствах, совершенных российскими вооруженными силами на Украине, Совет сегодня принял решение ввести шестой пакет экономических и индивидуальных санкций против России и Белоруссии», — сообщает пресс-служба ЕС.", "post_rating": 0}}, {"model": "accounts.post", "pk": 8, "fields": {"author": 3, "post_type": "AR", "creation_date": "2022-06-03T11:25:55.622Z", "title": "Кадыров объявил об ускоренном темпе спецоперации на Украине по поручению Шойгу", "post_text": "Министр обороны Российской Федерации Сергей Шойгу определил новые задачи, которые подразумевают улучшение тактики в ходе специальной военной операции России на территории Украины. Об этом после встречи с главой Минобороны заявил руководитель Чеченской республики Рамзан Кадыров.\r\n\r\nПо его словам, спецоперация РФ пойдет «в ускоренном темпе».\r\n\r\n«Шойгу определил новые задачи, подразумевающие улучшение тактики, спецоперация на Украине пойдет в ускоренном темпе», — рассказал Кадыров.\r\n\r\nОбщественная служба новостей ранее сообщала, что турецкий лидер Реджеп Тайип Эрдоган обратился к президенту Российской Федерации Владимиру Путину с предложением организовать переговоры между делегациями России и Украины при посредничестве ООН.", "post_rating": 0}}, {"model": "accounts.post", "pk": 9, "fields": {"author": 3, "post_type": "NW", "creation_date": "2022-06-03T11:28:49.673Z", "title": "Хроника СВО в Донбассе и на Украине: карта продвижения союзных войск на утро 3 июня", "post_text": "За сутки высокоточными ракетами воздушного базирования ВКС России поражён 21 район сосредоточения живой силы и военной техники ВСУ.\r\nКроме того, оперативно-тактической, армейской и беспилотной авиацией поражены 37 районов сосредоточения живой силы и украинской военной техники. Всего в результате ударов авиации уничтожено более 360 националистов, 49 единиц вооружения и военной техники, в том числе радиолокационная станция обнаружения и контроля воздушного пространства в Славянске Донецкой Народной Республики", "post_rating": 0}}, {"model": "accounts.post", "pk": 10, "fields": {"author": 3, "post_type": "NW", "creation_date": "2022-06-03T11:29:46.477Z", "title": "Путин заявил о намерении России развивать отношения со странами Африки", "post_text": "Роль Африки на международной арене растёт, и Россия намерена развивать отношения с государствами Африканского континента. Об этом заявил российский лидер Владимир Путиным в ходе встречи с президентом Сенегала Маки Саллом.", "post_rating": 0}}, {"model": "accounts.post", "pk": 11, "fields": {"author": 3, "post_type": "NW", "creation_date": "2022-06-03T11:30:52.055Z", "title": "«Аэрофлот» заявил об аресте своего самолёта на Шри-Ланке", "post_text": "«Вылет рейса «Аэрофлота» SU289 из Коломбо в Москву от 02.06.2022 задержан и далее отменён в связи с отсутствием разрешения авиационных властей Шри-Ланки. Судебное слушание о снятии ареста с воздушного судна назначено на 8 июня 2022 года», — сообщает РИА Новости\r\n\r\nКомпания также сообщила, что пассажиров временно разместили в гостиницах Коломбо до вылета в Москву.\r\n\r\nРанее сообщалось, что высокий коммерческий суд Коломбо издал запретительный приказ, согласно которому самолёт «Аэрофлота» не может покинуть Шри-Ланку.", "post_rating": 0}}, {"model": "accounts.post", "pk": 14, "fields": {"author": 3, "post_type": "AR", "creation_date": "2022-06-04T18:22:16.394Z", "title": "Путин заявил об уничтожении украинских вооружений десятками", "post_text": "Президент России прокомментировал в интервью программе \"Москва. Кремль. Путин\" решение главы США направить в Киев новые вооружения, а также оценил эффективность действий российской противоздушной обороны.\r\n\r\n\"Их наши системы ПВО щелкают как орехи. Уничтожены десятки!\" - сказал Владимир Путин. Этот отрывок показали в анонсе телепередачи, которая выйдет в эфир завтра, 5 июня.\r\n\r\nТакже Владимир Путин ответил на опасения, что поставляемые Киеву системы могут быть и дальнобойного действия. Этот ответ пока остался за кадром, его можно будет услышать завтра. Напомним, ранее вышла в эфир часть интервью, где президент рассказал о перспективах поставок зерна и продовольственном кризисе.", "post_rating": 0}}, {"model": "accounts.post", "pk": 15, "fields": {"author": 1, "post_type": "AR", "creation_date": "2022-06-09T14:01:11.819Z", "title": "«Яндекс. Карты» перестанут показывать границы государств", "post_text": "Теперь на картах не отображаются границы стран — только названия и границы регионов. В «Яндексе» объяснили это смещением акцента на «природные объекты»", "post_rating": 0}}, {"model": "accounts.post", "pk": 16, "fields": {"author": 4, "post_type": "AR", "creation_date": "2022-06-09T15:31:00.006Z", "title": "Чудо, что за статья!", "post_text": "Расчудеснейшая", "post_rating": 0}}, {"model": "accounts.post", "pk": 17, "fields": {"author": 3, "post_type": "AR", "creation_date": "2022-06-10T15:06:16.351Z", "title": "Very un-politicianlike!", "post_text": "Fucking Putin!!", "post_rating": 0}}, {"model": "accounts.post", "pk": 18, "fields": {"author": 3, "post_type": "AR", "creation_date": "2022-06-10T15:09:23.073Z", "title": "Very un-politicianlike!", "post_text": "Fucking Putin!!", "post_rating": 0}}, {"model": "accounts.post", "pk": 19, "fields": {"author": 3, "post_type": "AR", "creation_date": "2022-06-10T15:11:39.269Z", "title": "Very un-politicianlike!", "post_text": "Fucking Putin!!", "post_rating": 0}}, {"model": "accounts.post", "pk": 20, "fields": {"author": 1, "post_type": "AR", "creation_date": "2022-06-10T15:14:51.993Z", "title": "secondattempt", "post_text": ".ka.vnvsr", "post_rating": 0}}, {"model": "accounts.post", "pk": 21, "fields": {"author": 1, "post_type": "AR", "creation_date": "2022-06-10T15:16:21.872Z", "title": "thirdattempt", "post_text": ".ka.vnvsrzfsv", "post_rating": 0}}, {"model": "accounts.post", "pk": 22, "fields": {"author": 3, "post_type": "AR", "creation_date": "2022-06-10T15:20:35.258Z", "title": "fourthattempt", "post_text": "something", "post_rating": 0}}, {"model": "accounts.post", "pk": 23, "fields": {"author": 3, "post_type": "AR", "creation_date": "2022-06-10T15:28:08.759Z", "title": "fifthattempt", "post_text": "fifth", "post_rating": 0}}, {"model": "accounts.post", "pk": 24, "fields": {"author": 1, "post_type": "AR", "creation_date": "2022-06-10T15:31:18.043Z", "title": "sixth attempt", "post_text": "sixth", "post_rating": 0}}, {"model": "accounts.post", "pk": 25, "fields": {"author": 5, "post_type": "AR", "creation_date": "2022-06-10T15:35:05.993Z", "title": "seventh attempt", "post_text": "my attempt", "post_rating": 0}}, {"model": "accounts.post", "pk": 26, "fields": {"author": 2, "post_type": "AR", "creation_date": "2022-06-10T16:41:41.300Z", "title": "eightth attempt", "post_text": "eighthhh ncdc", "post_rating": 0}}, {"model": "accounts.post", "pk": 27, "fields": {"author": 5, "post_type": "AR", "creation_date": "2022-06-10T16:47:54.953Z", "title": "nineth attempt", "post_text": "nineth attempt", "post_rating": 0}}, {"model": "accounts.post", "pk": 28, "fields": {"author": 1, "post_type": "AR", "creation_date": "2022-06-10T16:52:35.664Z", "title": "tenth attempt", "post_text": "tenth", "post_rating": 0}}, {"model": "accounts.post", "pk": 29, "fields": {"author": 3, "post_type": "AR", "creation_date": "2022-06-10T16:56:20.773Z", "title": "eleventh attempt", "post_text": "eleventh attempt", "post_rating": 0}}, {"model": "accounts.post", "pk": 30, "fields": {"author": 4, "post_type": "AR", "creation_date": "2022-06-10T17:05:42.517Z", "title": "which is that", "post_text": "attempt", "post_rating": 0}}, {"model": "accounts.post", "pk": 35, "fields": {"author": 1, "post_type": "AR", "creation_date": "2022-06-10T17:44:23.443Z", "title": "Huh?", "post_text": "hah!", "post_rating": 0}}, {"model": "accounts.post", "pk": 36, "fields": {"author": 4, "post_type": "AR", "creation_date": "2022-06-10T17:44:46.585Z", "title": "Na-hah!", "post_text": "Na!", "post_rating": 0}}, {"model": "accounts.post", "pk": 37, "fields": {"author": 5, "post_type": "AR", "creation_date": "2022-06-10T17:52:18.254Z", "title": "One more", "post_text": "One more?", "post_rating": 0}}, {"model": "accounts.post", "pk": 38, "fields": {"author": 5, "post_type": "AR", "creation_date": "2022-06-10T17:53:48.479Z", "title": "One more", "post_text": "One more?", "post_rating": 0}}, {"model": "accounts.post", "pk": 39, "fields": {"author": 4, "post_type": "AR", "creation_date": "2022-06-10T17:55:07.924Z", "title": "Testing!!", "post_text": "very testing", "post_rating": 0}}, {"model": "accounts.post", "pk": 40, "fields": {"author": 1, "post_type": "AR", "creation_date": "2022-06-10T18:03:27.232Z", "title": "Победа Зенита!", "post_text": "Фак", "post_rating": 0}}, {"model": "accounts.post", "pk": 41, "fields": {"author": 3, "post_type": "AR", "creation_date": "2022-06-13T11:58:20.918Z", "title": "Самая политическая статья", "post_text": "ПОЛИТОТА", "post_rating": 0}}, {"model": "accounts.post", "pk": 42, "fields": {"author": 4, "post_type": "AR", "creation_date": "2022-06-14T11:05:51.856Z", "title": "Поклонская сообщила о назначении в Генпрокуратуру и отказе от соцсетей", "post_text": "Наталья Поклонская назначена советником генерального прокурора России Игоря Краснова. Этой новостью она поделилась в своем Telegram-канале. Также сообщила Поклонская и о решении уйти с радаров социальных сетей.\r\n\r\n«Мной прекращается ведение социальных страниц и какая-либо публичная деятельность. Теперь буду заниматься выполнением поставленных Генеральным прокурором России задач», — прокомментировала свой уход из соцсетей Поклонская.\r\n\r\nКроме того, в своем заявлении Наталья Поклонская выразила уверенность в предстоящем потоке поздравлений и заранее поблагодарила доброжелателей за теплые слова.\r\n\r\nВ январе Наталья Поклонская по личным причинам отказалась от должности посла России в Кабо-Верде. А в минувший понедельник она была освобождена от поста замглавы Россотрудничества указом президента.", "post_rating": 0}}, {"model": "accounts.post", "pk": 44, "fields": {"author": 5, "post_type": "AR", "creation_date": "2022-06-14T14:04:44.162Z", "title": "В Москве женщину арестовали по подозрению в госизмене", "post_text": "Лефортовский районный суд Москвы арестовал женщину, которую заподозрили в госизмене, сообщили РБК в суде.\r\n\r\n«В отношении Завалишиной Екатерины Сергеевны, подозреваемой в совершении преступления, предусмотренного ст. 275 УК («Государственная измена»), избрана мера пресечения в виде заключения под стражу на 2 месяца», — сообщили РБК в суде.\r\n\r\nКак сообщал ТАСС со ссылкой на источник, жительницу Москвы по подозрению в госизмене задержала ФСБ.\r\n\r\nПодробнее на РБК:\r\nhttps://www.rbc.ru/society/14/06/2022/62a88ece9a7947d51e6838f0?utm_source=yxnews&utm_medium=desktop", "post_rating": 0}}, {"model": "accounts.post", "pk": 45, "fields": {"author": 3, "post_type": "AR", "creation_date": "2022-06-14T14:07:31.507Z", "title": "«Газпром» снизил поставки по «Северному потоку» из-за проблем с оборудованием Siemens", "post_text": "«Газпром» временно ограничит прокачку газа по «Северному потоку» в связи с тем, что немецкая компания Siemens не успела своевременно вернуть из ремонта газоперекачивающие агрегаты.\r\n\r\nНа компрессорной станции «Портовая» сейчас может быть использовано только три агрегата, сообщает пресс-служба российской компании. Поставки газа по трубопроводу могут быть обеспечены в объеме до 100 млн куб. м в сутки вместо 167 млн куб. м.\r\n\r\n«Северный поток» — газопровод между Россией и Германией, проходящий по дну Балтийского моря. Мощность двух ниток составляет 55 млрд куб. м газа в год. Протяженность газопровода составляет 1224 км. По данным биржи ICE, на фоне новостей о снижении поставок по «Северному потоку» цены на газ в Европе выросли более чем на 10% и приблизились к $1 тыс. за 1 куб. м.\r\n\r\nКак сообщал «ГлагоL», 31 мая «Газпром» полностью остановил поставки газа нидерландскому газовому трейдеру GasTerra из-за неоплаты в рублях.", "post_rating": 0}}, {"model": "accounts.post", "pk": 46, "fields": {"author": 1, "post_type": "AR", "creation_date": "2022-06-14T14:09:27.563Z", "title": "Минобороны сообщило о просьбе Украины о гумкоридоре с «Азота» в Лисичанск", "post_text": "МОСКВА, 14 июн — РИА Новости. Киевские власти попросили открыть гуманитарный коридор для выхода мирных жителей с комбината \"Азот\" в Северодонецке, заявил начальник Национального центра управления обороной Российской Федерации Михаил Мизинцев.", "post_rating": 0}}, {"model": "accounts.post", "pk": 47, "fields": {"author": 1, "post_type": "AR", "creation_date": "2022-06-14T14:24:09.296Z", "title": "Миниобороны ни дуля не сообщало", "post_text": "Не сообщило, и всё тут", "post_rating": 0}}, {"model": "accounts.post", "pk": 48, "fields": {"author": 1, "post_type": "AR", "creation_date": "2022-06-14T14:28:50.725Z", "title": "И опять ничего", "post_text": "Не сообщает", "post_rating": 0}}, {"model": "accounts.post", "pk": 49, "fields": {"author": 2, "post_type": "AR", "creation_date": "2022-06-14T14:30:41.102Z", "title": "Всё ещё не сообщеат", "post_text": "Странное минобороны", "post_rating": 0}}, {"model": "accounts.post", "pk": 50, "fields": {"author": 2, "post_type": "AR", "creation_date": "2022-06-14T14:31:32.697Z", "title": "Тест", "post_text": "тест", "post_rating": 0}}, {"model": "accounts.post", "pk": 51, "fields": {"author": 1, "post_type": "AR", "creation_date": "2022-06-14T14:39:10.180Z", "title": "Test2", "post_text": "Test2", "post_rating": 0}}, {"model": "accounts.post", "pk": 52, "fields": {"author": 1, "post_type": "AR", "creation_date": "2022-06-14T14:40:00.731Z", "title": "Test2", "post_text": "Test2", "post_rating": 0}}, {"model": "accounts.post", "pk": 53, "fields": {"author": 1, "post_type": "AR", "creation_date": "2022-06-14T14:50:34.310Z", "title": "Test2", "post_text": "Test2", "post_rating": 0}}, {"model": "accounts.post", "pk": 54, "fields": {"author": 2, "post_type": "AR", "creation_date": "2022-06-14T14:51:24.886Z", "title": "last test&", "post_text": "is it really last?", "post_rating": 0}}, {"model": "accounts.post", "pk": 55, "fields": {"author": 1, "post_type": "AR", "creation_date": "2022-06-14T14:54:57.026Z", "title": "fuuuck", "post_text": "fuck?", "post_rating": 0}}, {"model": "accounts.post", "pk": 56, "fields": {"author": 2, "post_type": "AR", "creation_date": "2022-06-14T15:10:25.197Z", "title": "fuckingfuck", "post_text": "motherfucker", "post_rating": 0}}, {"model": "accounts.post", "pk": 57, "fields": {"author": 2, "post_type": "AR", "creation_date": "2022-06-14T15:12:18.309Z", "title": "fuckingfuck", "post_text": "motherfucker", "post_rating": 0}}, {"model": "accounts.post", "pk": 58, "fields": {"author": 2, "post_type": "AR", "creation_date": "2022-06-14T15:12:32.925Z", "title": "fuckingfuck", "post_text": "motherfucker", "post_rating": 0}}, {"model": "accounts.post", "pk": 59, "fields": {"author": 2, "post_type": "AR", "creation_date": "2022-06-14T15:14:33.655Z", "title": "fuckingfuck", "post_text": "motherfucker", "post_rating": 0}}, {"model": "accounts.post", "pk": 60, "fields": {"author": 1, "post_type": "AR", "creation_date": "2022-06-14T15:15:08.737Z", "title": "how about now", "post_text": "nah?", "post_rating": 0}}, {"model": "accounts.post", "pk": 61, "fields": {"author": 4, "post_type": "AR", "creation_date": "2022-06-14T15:17:00.865Z", "title": "one more", "post_text": "hit me baby", "post_rating": 0}}, {"model": "accounts.post", "pk": 62, "fields": {"author": 1, "post_type": "AR", "creation_date": "2022-06-14T15:17:49.801Z", "title": "NOOOW!", "post_text": "now?", "post_rating": 0}}, {"model": "accounts.post", "pk": 63, "fields": {"author": 1, "post_type": "AR", "creation_date": "2022-06-28T09:52:37.312Z", "title": "Some news", "post_text": "Some text", "post_rating": 0}}, {"model": "accounts.post", "pk": 64, "fields": {"author": 1, "post_type": "AR", "creation_date": "2022-10-12T13:23:24.821Z", "title": "Мобилизация в России", "post_text": "БЕГИТЕ, ГЛУПЦЫ!", "post_rating": 100}}, {"model": "accounts.post", "pk": 65, "fields": {"author": 2, "post_type": "AR", "creation_date": "2022-10-12T13:25:41.313Z", "title": "Тестовая новость", "post_text": "Про политику? cache testing 777", "post_rating": 0}}, {"model": "accounts.postcategory", "pk": 1, "fields": {"post": 1, "category": 1}}, {"model": "accounts.postcategory", "pk": 2, "fields": {"post": 2, "category": 2}}, {"model": "accounts.postcategory", "pk": 3, "fields": {"post": 3, "category": 1}}, {"model": "accounts.postcategory", "pk": 5, "fields": {"post": 3, "category": 3}}, {"model": "accounts.postcategory", "pk": 6, "fields": {"post": 3, "category": 4}}, {"model": "accounts.postcategory", "pk": 7, "fields": {"post": 19, "category": 1}}, {"model": "accounts.postcategory", "pk": 8, "fields": {"post": 20, "category": 1}}, {"model": "accounts.postcategory", "pk": 9, "fields": {"post": 21, "category": 1}}, {"model": "accounts.postcategory", "pk": 10, "fields": {"post": 22, "category": 1}}, {"model": "accounts.postcategory", "pk": 11, "fields": {"post": 24, "category": 1}}, {"model": "accounts.postcategory", "pk": 12, "fields": {"post": 25, "category": 2}}, {"model": "accounts.postcategory", "pk": 13, "fields": {"post": 26, "category": 3}}, {"model": "accounts.postcategory", "pk": 14, "fields": {"post": 27, "category": 1}}, {"model": "accounts.postcategory", "pk": 15, "fields": {"post": 28, "category": 1}}, {"model": "accounts.postcategory", "pk": 16, "fields": {"post": 29, "category": 1}}, {"model": "accounts.postcategory", "pk": 17, "fields": {"post": 30, "category": 1}}, {"model": "accounts.postcategory", "pk": 19, "fields": {"post": 35, "category": 1}}, {"model": "accounts.postcategory", "pk": 20, "fields": {"post": 36, "category": 2}}, {"model": "accounts.postcategory", "pk": 21, "fields": {"post": 38, "category": 1}}, {"model": "accounts.postcategory", "pk": 22, "fields": {"post": 39, "category": 4}}, {"model": "accounts.postcategory", "pk": 23, "fields": {"post": 40, "category": 2}}, {"model": "accounts.postcategory", "pk": 24, "fields": {"post": 41, "category": 1}}, {"model": "accounts.postcategory", "pk": 25, "fields": {"post": 42, "category": 1}}, {"model": "accounts.postcategory", "pk": 26, "fields": {"post": 44, "category": 1}}, {"model": "accounts.postcategory", "pk": 27, "fields": {"post": 45, "category": 1}}, {"model": "accounts.postcategory", "pk": 28, "fields": {"post": 46, "category": 1}}, {"model": "accounts.postcategory", "pk": 29, "fields": {"post": 47, "category": 1}}, {"model": "accounts.postcategory", "pk": 30, "fields": {"post": 48, "category": 1}}, {"model": "accounts.postcategory", "pk": 31, "fields": {"post": 49, "category": 1}}, {"model": "accounts.postcategory", "pk": 32, "fields": {"post": 50, "category": 1}}, {"model": "accounts.postcategory", "pk": 33, "fields": {"post": 53, "category": 1}}, {"model": "accounts.postcategory", "pk": 34, "fields": {"post": 54, "category": 1}}, {"model": "accounts.postcategory", "pk": 35, "fields": {"post": 55, "category": 1}}, {"model": "accounts.postcategory", "pk": 36, "fields": {"post": 59, "category": 1}}, {"model": "accounts.postcategory", "pk": 37, "fields": {"post": 60, "category": 1}}, {"model": "accounts.postcategory", "pk": 38, "fields": {"post": 61, "category": 1}}, {"model": "accounts.postcategory", "pk": 39, "fields": {"post": 62, "category": 1}}, {"model": "accounts.postcategory", "pk": 40, "fields": {"post": 63, "category": 1}}, {"model": "accounts.postcategory", "pk": 41, "fields": {"post": 64, "category": 1}}, {"model": "accounts.postcategory", "pk": 42, "fields": {"post": 65, "category": 1}}, {"model": "accounts.comment", "pk": 1, "fields": {"post": 1, "user": 1, "comment_text": "Да и пошли на хуй со своим НАТО!", "creation_date": "2022-05-12T14:16:34.765Z", "comment_rating": 0}}, {"model": "accounts.comment", "pk": 2, "fields": {"post": 1, "user": 1, "comment_text": "Укрофашистские укропы!!", "creation_date": "2022-05-12T14:18:58.693Z", "comment_rating": 1}}, {"model": "accounts.comment", "pk": 3, "fields": {"post": 1, "user": 2, "comment_text": "Нечего было Донбасс обижать! Где вы были 8 лет?Ё!", "creation_date": "2022-05-12T14:20:01.135Z", "comment_rating": 4}}, {"model": "accounts.comment", "pk": 4, "fields": {"post": 1, "user": 3, "comment_text": "За ПУТИНА!! За Победу!!!", "creation_date": "2022-05-12T14:21:29.925Z", "comment_rating": -1}}, {"model": "accounts.comment", "pk": 5, "fields": {"post": 2, "user": 1, "comment_text": "Besiktas is better! Always", "creation_date": "2022-05-12T14:22:12.947Z", "comment_rating": -1}}, {"model": "accounts.comment", "pk": 6, "fields": {"post": 3, "user": 2, "comment_text": "Вор и проходимец! Жулик.", "creation_date": "2022-05-12T14:23:25.886Z", "comment_rating": 0}}, {"model": "accounts.comment", "pk": 7, "fields": {"post": 3, "user": 3, "comment_text": "А я его смотрю...", "creation_date": "2022-05-12T14:24:21.029Z", "comment_rating": -1}}, {"model": "accounts.subscribers", "pk": 1, "fields": {"subscriber": 16, "category": 1}}, {"model": "accounts.subscribers", "pk": 2, "fields": {"subscriber": 19, "category": 2}}, {"model": "accounts.subscribers", "pk": 3, "fields": {"subscriber": 19, "category": 1}}, {"model": "accounts.subscribers", "pk": 4, "fields": {"subscriber": 1, "category": 4}}, {"model": "accounts.subscribers", "pk": 7, "fields": {"subscriber": 6, "category": 3}}, {"model": "account.emailaddress", "pk": 1, "fields": {"user": 7, "email": "poxuy@example.com", "verified": false, "primary": true}}, {"model": "account.emailaddress", "pk": 2, "fields": {"user": 8, "email": "example@example.com", "verified": false, "primary": true}}, {"model": "account.emailaddress", "pk": 3, "fields": {"user": 9, "email": "new_example@example.com", "verified": false, "primary": true}}, {"model": "account.emailaddress", "pk": 4, "fields": {"user": 10, "email": "third_example@example.com", "verified": false, "primary": true}}, {"model": "account.emailaddress", "pk": 5, "fields": {"user": 11, "email": "fourth_example@example.com", "verified": false, "primary": true}}, {"model": "account.emailaddress", "pk": 6, "fields": {"user": 12, "email": "fifth_example@example.com", "verified": false, "primary": true}}, {"model": "account.emailaddress", "pk": 7, "fields": {"user": 13, "email": "sixth_example@example.com", "verified": false, "primary": true}}, {"model": "account.emailaddress", "pk": 8, "fields": {"user": 14, "email": "last_example@example.com", "verified": false, "primary": true}}, {"model": "account.emailaddress", "pk": 9, "fields": {"user": 15, "email": "every@example.com", "verified": false, "primary": true}}, {"model": "account.emailaddress", "pk": 10, "fields": {"user": 16, "email": "levinkirillkirilllevin@gmail.com", "verified": true, "primary": true}}, {"model": "account.emailaddress", "pk": 11, "fields": {"user": 17, "email": "new@example.com", "verified": false, "primary": true}}, {"model": "account.emailaddress", "pk": 12, "fields": {"user": 18, "email": "new2@example.com", "verified": false, "primary": true}}, {"model": "account.emailaddress", "pk": 13, "fields": {"user": 6, "email": "levinkirill@yandex.ru", "verified": true, "primary": true}}, {"model": "account.emailaddress", "pk": 14, "fields": {"user": 19, "email": "kirill.l@olimob.com", "verified": true, "primary": true}}, {"model": "account.emailaddress", "pk": 15, "fields": {"user": 20, "email": "Koschaeva.val@gmail.com", "verified": false, "primary": true}}, {"model": "socialaccount.socialapp", "pk": 1, "fields": {"provider": "google", "name": "Google", "client_id": "1061653569580-bsfsvvpq48b296kplak6gpj2j5mppl3d.apps.googleusercontent.com", "secret": "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", "key": "", "sites": [1]}}, {"model": "socialaccount.socialaccount", "pk": 1, "fields": {"user": 16, "provider": "google", "uid": "114047215548141811653", "last_login": "2022-06-09T14:24:02.114Z", "date_joined": "2022-06-09T14:24:02.114Z", "extra_data": "{\"id\": \"114047215548141811653\", \"email\": \"levinkirillkirilllevin@gmail.com\", \"verified_email\": true, \"name\": \"\\u041a\\u0438\\u0440\\u0438\\u043b\\u043b \\u041b\\u0435\\u0432\\u0438\\u043d\", \"given_name\": \"\\u041a\\u0438\\u0440\\u0438\\u043b\\u043b\", \"family_name\": \"\\u041b\\u0435\\u0432\\u0438\\u043d\", \"picture\": \"https://lh3.googleusercontent.com/a-/AOh14GiB02EvGp9ClGvRHFqVww3zF4St4Xh4Vk4Ft_MN=s96-c\", \"locale\": \"ru\"}"}}, {"model": "django_apscheduler.djangojob", "pk": "delete_old_job_executions", "fields": {"next_run_time": "2022-07-04T16:00:00Z", "job_state": "gAWVjwQAAAAAAAB9lCiMB3ZlcnNpb26USwGMAmlklIwZZGVsZXRlX29sZF9qb2JfZXhlY3V0aW9uc5SMBGZ1bmOUjEVhY2NvdW50cy5tYW5hZ2VtZW50LmNvbW1hbmRzLnJ1bmFwc2NoZWR1bGVyOmRlbGV0ZV9vbGRfam9iX2V4ZWN1dGlvbnOUjAd0cmlnZ2VylIwZYXBzY2hlZHVsZXIudHJpZ2dlcnMuY3JvbpSMC0Nyb25UcmlnZ2VylJOUKYGUfZQoaAFLAowIdGltZXpvbmWUjBtweXR6X2RlcHJlY2F0aW9uX3NoaW0uX2ltcGyUjAl3cmFwX3pvbmWUk5SMCGJ1aWx0aW5zlIwHZ2V0YXR0cpSTlIwIem9uZWluZm+UjAhab25lSW5mb5STlIwJX3VucGlja2xllIaUUpSMDUV1cm9wZS9Nb3Njb3eUSwGGlFKUaBmGlFKUjApzdGFydF9kYXRllE6MCGVuZF9kYXRllE6MBmZpZWxkc5RdlCiMIGFwc2NoZWR1bGVyLnRyaWdnZXJzLmNyb24uZmllbGRzlIwJQmFzZUZpZWxklJOUKYGUfZQojARuYW1llIwEeWVhcpSMCmlzX2RlZmF1bHSUiIwLZXhwcmVzc2lvbnOUXZSMJWFwc2NoZWR1bGVyLnRyaWdnZXJzLmNyb24uZXhwcmVzc2lvbnOUjA1BbGxFeHByZXNzaW9ulJOUKYGUfZSMBHN0ZXCUTnNiYXViaCKMCk1vbnRoRmllbGSUk5QpgZR9lChoJ4wFbW9udGiUaCmIaCpdlGguKYGUfZRoMU5zYmF1YmgijA9EYXlPZk1vbnRoRmllbGSUk5QpgZR9lChoJ4wDZGF5lGgpiGgqXZRoLimBlH2UaDFOc2JhdWJoIowJV2Vla0ZpZWxklJOUKYGUfZQoaCeMBHdlZWuUaCmIaCpdlGguKYGUfZRoMU5zYmF1YmgijA5EYXlPZldlZWtGaWVsZJSTlCmBlH2UKGgnjAtkYXlfb2Zfd2Vla5RoKYloKl2UaCyMFldlZWtkYXlSYW5nZUV4cHJlc3Npb26Uk5QpgZR9lChoMU6MBWZpcnN0lEsAjARsYXN0lEsAdWJhdWJoJCmBlH2UKGgnjARob3VylGgpiWgqXZRoLIwPUmFuZ2VFeHByZXNzaW9ulJOUKYGUfZQoaDFOaFRLE2hVSxN1YmF1YmgkKYGUfZQoaCeMBm1pbnV0ZZRoKYloKl2UaFspgZR9lChoMU5oVEsAaFVLAHViYXViaCQpgZR9lChoJ4wGc2Vjb25klGgpiGgqXZRoWymBlH2UKGgxTmhUSwBoVUsAdWJhdWJljAZqaXR0ZXKUTnVijAhleGVjdXRvcpSMB2RlZmF1bHSUjARhcmdzlCmMBmt3YXJnc5R9lGgnaAOMEm1pc2ZpcmVfZ3JhY2VfdGltZZRLAYwIY29hbGVzY2WUiIwNbWF4X2luc3RhbmNlc5RLAYwNbmV4dF9ydW5fdGltZZSMCGRhdGV0aW1llIwIZGF0ZXRpbWWUk5RDCgfmBwQTAAAAAACUaB2GlFKUdS4="}}, {"model": "django_apscheduler.djangojob", "pk": "news_sender", "fields": {"next_run_time": "2022-06-28T09:17:30Z", "job_state": "gAWVFgQAAAAAAAB9lCiMB3ZlcnNpb26USwGMAmlklIwLbmV3c19zZW5kZXKUjARmdW5jlIw3YWNjb3VudHMubWFuYWdlbWVudC5jb21tYW5kcy5ydW5hcHNjaGVkdWxlcjpuZXdzX3NlbmRlcpSMB3RyaWdnZXKUjBlhcHNjaGVkdWxlci50cmlnZ2Vycy5jcm9ulIwLQ3JvblRyaWdnZXKUk5QpgZR9lChoAUsCjAh0aW1lem9uZZSMG3B5dHpfZGVwcmVjYXRpb25fc2hpbS5faW1wbJSMCXdyYXBfem9uZZSTlIwIYnVpbHRpbnOUjAdnZXRhdHRylJOUjAh6b25laW5mb5SMCFpvbmVJbmZvlJOUjAlfdW5waWNrbGWUhpRSlIwNRXVyb3BlL01vc2Nvd5RLAYaUUpRoGYaUUpSMCnN0YXJ0X2RhdGWUTowIZW5kX2RhdGWUTowGZmllbGRzlF2UKIwgYXBzY2hlZHVsZXIudHJpZ2dlcnMuY3Jvbi5maWVsZHOUjAlCYXNlRmllbGSUk5QpgZR9lCiMBG5hbWWUjAR5ZWFylIwKaXNfZGVmYXVsdJSIjAtleHByZXNzaW9uc5RdlIwlYXBzY2hlZHVsZXIudHJpZ2dlcnMuY3Jvbi5leHByZXNzaW9uc5SMDUFsbEV4cHJlc3Npb26Uk5QpgZR9lIwEc3RlcJROc2JhdWJoIowKTW9udGhGaWVsZJSTlCmBlH2UKGgnjAVtb250aJRoKYhoKl2UaC4pgZR9lGgxTnNiYXViaCKMD0RheU9mTW9udGhGaWVsZJSTlCmBlH2UKGgnjANkYXmUaCmIaCpdlGguKYGUfZRoMU5zYmF1YmgijAlXZWVrRmllbGSUk5QpgZR9lChoJ4wEd2Vla5RoKYhoKl2UaC4pgZR9lGgxTnNiYXViaCKMDkRheU9mV2Vla0ZpZWxklJOUKYGUfZQoaCeMC2RheV9vZl93ZWVrlGgpiGgqXZRoLimBlH2UaDFOc2JhdWJoJCmBlH2UKGgnjARob3VylGgpiGgqXZRoLimBlH2UaDFOc2JhdWJoJCmBlH2UKGgnjAZtaW51dGWUaCmIaCpdlGguKYGUfZRoMU5zYmF1YmgkKYGUfZQoaCeMBnNlY29uZJRoKYloKl2UaC4pgZR9lGgxSx5zYmF1YmWMBmppdHRlcpROdWKMCGV4ZWN1dG9ylIwHZGVmYXVsdJSMBGFyZ3OUKYwGa3dhcmdzlH2UaCdoA4wSbWlzZmlyZV9ncmFjZV90aW1llEsBjAhjb2FsZXNjZZSIjA1tYXhfaW5zdGFuY2VzlEsBjA1uZXh0X3J1bl90aW1llIwIZGF0ZXRpbWWUjAhkYXRldGltZZSTlEMKB+YGHAwRHgAAAJRoHYaUUpR1Lg=="}}, {"model": "django_apscheduler.djangojobexecution", "pk": 4, "fields": {"job": "news_sender", "status": "Executed", "run_time": "2022-06-28T09:03:00Z", "duration": "6.66", "finished": "1656406986.66", "exception": null, "traceback": null}}, {"model": "django_apscheduler.djangojobexecution", "pk": 5, "fields": {"job": "news_sender", "status": "Executed", "run_time": "2022-06-28T09:03:10Z", "duration": "6.76", "finished": "1656406996.76", "exception": null, "traceback": null}}, {"model": "django_apscheduler.djangojobexecution", "pk": 6, "fields": {"job": "news_sender", "status": "Executed", "run_time": "2022-06-28T09:03:20Z", "duration": "7.39", "finished": "1656407007.39", "exception": null, "traceback": null}}, {"model": "django_apscheduler.djangojobexecution", "pk": 7, "fields": {"job": "news_sender", "status": "Executed", "run_time": "2022-06-28T09:03:30Z", "duration": "5.90", "finished": "1656407015.90", "exception": null, "traceback": null}}, {"model": "django_apscheduler.djangojobexecution", "pk": 8, "fields": {"job": "news_sender", "status": "Executed", "run_time": "2022-06-28T09:03:40Z", "duration": "6.47", "finished": "1656407026.47", "exception": null, "traceback": null}}, {"model": "django_apscheduler.djangojobexecution", "pk": 9, "fields": {"job": "news_sender", "status": "Executed", "run_time": "2022-06-28T09:11:30Z", "duration": "5.98", "finished": "1656407495.98", "exception": null, "traceback": null}}, {"model": "django_apscheduler.djangojobexecution", "pk": 10, "fields": {"job": "news_sender", "status": "Executed", "run_time": "2022-06-28T09:12:00Z", "duration": "6.17", "finished": "1656407526.17", "exception": null, "traceback": null}}, {"model": "django_apscheduler.djangojobexecution", "pk": 11, "fields": {"job": "news_sender", "status": "Executed", "run_time": "2022-06-28T09:17:00Z", "duration": "3.16", "finished": "1656407823.16", "exception": null, "traceback": null}}]